外网IP,内网IP,所有IP,域名
,,,superapphq1.lczq.com
,,,oavpn.lczq.com
,,,jzyw.lczq.com
,,,jzkh.lczq.com
,,,bystatic.lczq.com
,,,superapphq.lczq.com
,,,concost.lczq.com
,,,appsh.lczq.com
,,,tnbapi.lczq.com
,,,appdg.lczq.com
,,,mall.lczq.com
,,,phone.lczq.com
,,,mws.lczq.com
,,,oaapi.lczq.com
,,,appc.lczq.com.w.cdngslb.com
,,,front.lczq.com
,,,apph5.lczq.com
,,,wxcbb.lczq.com
,,,cyj.lczq.com
,,,bidashboard.lczq.com
,,,www.lczq.com
,,,nfdcvpn.lczq.com
,,,app.lczq.com
,,,shvpn.lczq.com
,,,appkh.lczq.com
,,,zgsc.lczq.com
,,,kh.lczq.com
,,,dzhweb.lczq.com
,,,fwoa.lczq.com
